{
	"sources" : 
	[
		{
			"file" : "C:/Users/catha/Documents/c++ stuffs/VS Projects/BespokeAssetManager/BespokeAssetManager/cmake-build-debug-visual-studio/_deps/json-subbuild/CMakeFiles/json-populate"
		},
		{
			"file" : "C:/Users/catha/Documents/c++ stuffs/VS Projects/BespokeAssetManager/BespokeAssetManager/cmake-build-debug-visual-studio/_deps/json-subbuild/CMakeFiles/json-populate.rule"
		},
		{
			"file" : "C:/Users/catha/Documents/c++ stuffs/VS Projects/BespokeAssetManager/BespokeAssetManager/cmake-build-debug-visual-studio/_deps/json-subbuild/CMakeFiles/json-populate-complete.rule"
		},
		{
			"file" : "C:/Users/catha/Documents/c++ stuffs/VS Projects/BespokeAssetManager/BespokeAssetManager/cmake-build-debug-visual-studio/_deps/json-subbuild/json-populate-prefix/src/json-populate-stamp/json-populate-build.rule"
		},
		{
			"file" : "C:/Users/catha/Documents/c++ stuffs/VS Projects/BespokeAssetManager/BespokeAssetManager/cmake-build-debug-visual-studio/_deps/json-subbuild/json-populate-prefix/src/json-populate-stamp/json-populate-configure.rule"
		},
		{
			"file" : "C:/Users/catha/Documents/c++ stuffs/VS Projects/BespokeAssetManager/BespokeAssetManager/cmake-build-debug-visual-studio/_deps/json-subbuild/json-populate-prefix/src/json-populate-stamp/json-populate-download.rule"
		},
		{
			"file" : "C:/Users/catha/Documents/c++ stuffs/VS Projects/BespokeAssetManager/BespokeAssetManager/cmake-build-debug-visual-studio/_deps/json-subbuild/json-populate-prefix/src/json-populate-stamp/json-populate-install.rule"
		},
		{
			"file" : "C:/Users/catha/Documents/c++ stuffs/VS Projects/BespokeAssetManager/BespokeAssetManager/cmake-build-debug-visual-studio/_deps/json-subbuild/json-populate-prefix/src/json-populate-stamp/json-populate-mkdir.rule"
		},
		{
			"file" : "C:/Users/catha/Documents/c++ stuffs/VS Projects/BespokeAssetManager/BespokeAssetManager/cmake-build-debug-visual-studio/_deps/json-subbuild/json-populate-prefix/src/json-populate-stamp/json-populate-patch.rule"
		},
		{
			"file" : "C:/Users/catha/Documents/c++ stuffs/VS Projects/BespokeAssetManager/BespokeAssetManager/cmake-build-debug-visual-studio/_deps/json-subbuild/json-populate-prefix/src/json-populate-stamp/json-populate-test.rule"
		},
		{
			"file" : "C:/Users/catha/Documents/c++ stuffs/VS Projects/BespokeAssetManager/BespokeAssetManager/cmake-build-debug-visual-studio/_deps/json-subbuild/json-populate-prefix/src/json-populate-stamp/json-populate-update.rule"
		}
	],
	"target" : 
	{
		"labels" : 
		[
			"json-populate"
		],
		"name" : "json-populate"
	}
}